{"goodness of split, delaware": {"score": 0.0, "size_testset_in_spliton": 0.2, "size_testset_in_X": 0.2, "p_diagnosis_ref": {"control": 0.36363636363636365, "MCI": 0.6363636363636364}, "p_diagnosis_test": {"MCI": 0.6363636363636364, "control": 0.36363636363636365}}, "goodness of split, pitt_adress": {"score": 0.007202429435139512, "size_testset_in_spliton": 0.2, "size_testset_in_X": 0.2, "p_diagnosis_ref": {"dementia": 0.45348837209302323, "control": 0.45348837209302323, "MCI": 0.09302325581395349}, "p_diagnosis_test": {"dementia": 0.45714285714285713, "control": 0.45714285714285713, "MCI": 0.08571428571428572}}, "goodness of split, lu": {"score": 0.05479022356891483, "size_testset_in_spliton": 0.2, "size_testset_in_X": 0.21, "p_diagnosis_ref": {"dementia": 0.4807692307692308, "MCI": 0.038461538461538464, "control": 0.4807692307692308}, "p_diagnosis_test": {"MCI": 0.09090909090909091, "dementia": 0.45454545454545453, "control": 0.45454545454545453}}}